NetName,ev,ncomp,normed_ncomp,nlargest,percentlargest
T Cell Receptor Signaling (TT).txt,0.0,1,0.01020408163265306,98,1.0
T Cell Receptor Signaling (TT).txt,0.09375,1,0.01020408163265306,98,1.0
T Cell Receptor Signaling (TT).txt,0.1640624999999999,1,0.01020408163265306,98,1.0
T Cell Receptor Signaling (TT).txt,0.20234374999999927,1,0.01020408163265306,98,1.0
T Cell Receptor Signaling (TT).txt,0.20234374999999982,1,0.01020408163265306,98,1.0
T Cell Receptor Signaling (TT).txt,0.20234374999999993,1,0.01020408163265306,98,1.0
T Cell Receptor Signaling (TT).txt,0.23958333333333337,1,0.01020408163265306,98,1.0
T Cell Receptor Signaling (TT).txt,0.296875,1,0.01020408163265306,98,1.0
T Cell Receptor Signaling (TT).txt,0.2968750000000001,2,0.02040816326530612,96,0.9795918367346939
T Cell Receptor Signaling (TT).txt,0.35677083333333326,3,0.030612244897959183,95,0.9693877551020408
T Cell Receptor Signaling (TT).txt,0.35677083333333337,3,0.030612244897959183,95,0.9693877551020408
T Cell Receptor Signaling (TT).txt,0.375,3,0.030612244897959183,95,0.9693877551020408
T Cell Receptor Signaling (TT).txt,0.41666666666666663,3,0.030612244897959183,95,0.9693877551020408
T Cell Receptor Signaling (TT).txt,0.41666666666666674,6,0.061224489795918366,91,0.9285714285714286
T Cell Receptor Signaling (TT).txt,0.5,6,0.061224489795918366,91,0.9285714285714286
T Cell Receptor Signaling (TT).txt,0.5208333333333334,7,0.07142857142857142,89,0.9081632653061225
T Cell Receptor Signaling (TT).txt,0.625,38,0.3877551020408163,17,0.17346938775510204
T Cell Receptor Signaling (TT).txt,0.8125,42,0.42857142857142855,12,0.12244897959183673
T Cell Receptor Signaling (TT).txt,1.0,98,1.0,1,0.01020408163265306
B cell differentiation (TT).txt,0.0,9,0.34615384615384615,17,0.6538461538461539
B cell differentiation (TT).txt,0.06666666666666654,9,0.34615384615384615,17,0.6538461538461539
B cell differentiation (TT).txt,0.06666666666666665,9,0.34615384615384615,17,0.6538461538461539
B cell differentiation (TT).txt,0.09505208333333337,10,0.38461538461538464,15,0.5769230769230769
B cell differentiation (TT).txt,0.13854166666666656,11,0.4230769230769231,13,0.5
B cell differentiation (TT).txt,0.23958333333333326,11,0.4230769230769231,13,0.5
B cell differentiation (TT).txt,0.23958333333333337,11,0.4230769230769231,13,0.5
B cell differentiation (TT).txt,0.3687499999999998,11,0.4230769230769231,13,0.5
B cell differentiation (TT).txt,0.3687499999999999,11,0.4230769230769231,13,0.5
B cell differentiation (TT).txt,0.3867187500000001,11,0.4230769230769231,13,0.5
B cell differentiation (TT).txt,0.3867187500000002,12,0.46153846153846156,10,0.38461538461538464
B cell differentiation (TT).txt,0.5104166666666666,13,0.5,10,0.38461538461538464
B cell differentiation (TT).txt,0.5104166666666667,14,0.5384615384615384,8,0.3076923076923077
B cell differentiation (TT).txt,0.5208333333333333,15,0.5769230769230769,5,0.19230769230769232
B cell differentiation (TT).txt,0.625,18,0.6923076923076923,3,0.11538461538461539
B cell differentiation (TT).txt,0.7083333333333333,19,0.7307692307692307,3,0.11538461538461539
B cell differentiation (TT).txt,0.7083333333333334,20,0.7692307692307693,3,0.11538461538461539
B cell differentiation (TT).txt,1.0,26,1.0,1,0.038461538461538464
Processing of Spz Network from the Drosophila Signaling Pathway (TT).txt,0.0,1,0.041666666666666664,24,1.0
Processing of Spz Network from the Drosophila Signaling Pathway (TT).txt,0.22499999999999976,2,0.08333333333333333,18,0.75
Processing of Spz Network from the Drosophila Signaling Pathway (TT).txt,0.22499999999999987,2,0.08333333333333333,18,0.75
Processing of Spz Network from the Drosophila Signaling Pathway (TT).txt,0.22499999999999998,3,0.125,16,0.6666666666666666
Processing of Spz Network from the Drosophila Signaling Pathway (TT).txt,0.296875,4,0.16666666666666666,13,0.5416666666666666
Processing of Spz Network from the Drosophila Signaling Pathway (TT).txt,0.2968750000000001,5,0.20833333333333334,8,0.3333333333333333
Processing of Spz Network from the Drosophila Signaling Pathway (TT).txt,0.625,11,0.4583333333333333,5,0.20833333333333334
Processing of Spz Network from the Drosophila Signaling Pathway (TT).txt,1.0,24,1.0,1,0.041666666666666664
T-Cell Signaling 2006 (TT).txt,0.0,1,0.025,40,1.0
T-Cell Signaling 2006 (TT).txt,0.1640625,1,0.025,40,1.0
T-Cell Signaling 2006 (TT).txt,0.35677083333333337,1,0.025,40,1.0
T-Cell Signaling 2006 (TT).txt,0.375,1,0.025,40,1.0
T-Cell Signaling 2006 (TT).txt,0.41666666666666674,4,0.1,33,0.825
T-Cell Signaling 2006 (TT).txt,0.625,11,0.275,13,0.325
T-Cell Signaling 2006 (TT).txt,0.8125,12,0.3,13,0.325
T-Cell Signaling 2006 (TT).txt,1.0,40,1.0,1,0.025
Bordetella bronchiseptica (TT).txt,0.0,1,0.030303030303030304,33,1.0
Bordetella bronchiseptica (TT).txt,0.12031250000000004,1,0.030303030303030304,33,1.0
Bordetella bronchiseptica (TT).txt,0.14583333333333337,1,0.030303030303030304,33,1.0
Bordetella bronchiseptica (TT).txt,0.1640624999999999,1,0.030303030303030304,33,1.0
Bordetella bronchiseptica (TT).txt,0.1640625,1,0.030303030303030304,33,1.0
Bordetella bronchiseptica (TT).txt,0.23958333333333337,1,0.030303030303030304,33,1.0
Bordetella bronchiseptica (TT).txt,0.24843749999999998,1,0.030303030303030304,33,1.0
Bordetella bronchiseptica (TT).txt,0.3125,1,0.030303030303030304,33,1.0
Bordetella bronchiseptica (TT).txt,0.3208333333333333,1,0.030303030303030304,33,1.0
Bordetella bronchiseptica (TT).txt,0.34375,1,0.030303030303030304,33,1.0
Bordetella bronchiseptica (TT).txt,0.375,1,0.030303030303030304,33,1.0
Bordetella bronchiseptica (TT).txt,0.41666666666666674,5,0.15151515151515152,23,0.696969696969697
Bordetella bronchiseptica (TT).txt,0.4609375,6,0.18181818181818182,23,0.696969696969697
Bordetella bronchiseptica (TT).txt,0.5,7,0.21212121212121213,22,0.6666666666666666
Bordetella bronchiseptica (TT).txt,0.5208333333333333,8,0.24242424242424243,15,0.45454545454545453
Bordetella bronchiseptica (TT).txt,0.625,15,0.45454545454545453,9,0.2727272727272727
Bordetella bronchiseptica (TT).txt,0.8125,19,0.5757575757575758,4,0.12121212121212122
Bordetella bronchiseptica (TT).txt,0.8541666666666666,20,0.6060606060606061,4,0.12121212121212122
Bordetella bronchiseptica (TT).txt,0.90625,21,0.6363636363636364,3,0.09090909090909091
Bordetella bronchiseptica (TT).txt,1.0,33,1.0,1,0.030303030303030304
Cell Cycle Transcription by Coupled CDK and Network Oscillators (TT).txt,0.0,1,0.1111111111111111,9,1.0
Cell Cycle Transcription by Coupled CDK and Network Oscillators (TT).txt,0.23958333333333337,1,0.1111111111111111,9,1.0
Cell Cycle Transcription by Coupled CDK and Network Oscillators (TT).txt,0.296875,1,0.1111111111111111,9,1.0
Cell Cycle Transcription by Coupled CDK and Network Oscillators (TT).txt,0.2968750000000001,1,0.1111111111111111,9,1.0
Cell Cycle Transcription by Coupled CDK and Network Oscillators (TT).txt,0.5208333333333334,1,0.1111111111111111,9,1.0
Cell Cycle Transcription by Coupled CDK and Network Oscillators (TT).txt,0.625,6,0.6666666666666666,3,0.3333333333333333
Cell Cycle Transcription by Coupled CDK and Network Oscillators (TT).txt,1.0,9,1.0,1,0.1111111111111111
Budding Yeast Cell Cycle (TT).txt,0.0,1,0.05,20,1.0
Budding Yeast Cell Cycle (TT).txt,0.15468749999999998,1,0.05,20,1.0
Budding Yeast Cell Cycle (TT).txt,0.23958333333333326,1,0.05,20,1.0
Budding Yeast Cell Cycle (TT).txt,0.2539062499999999,1,0.05,20,1.0
Budding Yeast Cell Cycle (TT).txt,0.25390625,1,0.05,20,1.0
Budding Yeast Cell Cycle (TT).txt,0.296875,1,0.05,20,1.0
Budding Yeast Cell Cycle (TT).txt,0.2968750000000001,1,0.05,20,1.0
Budding Yeast Cell Cycle (TT).txt,0.3614583333333333,1,0.05,20,1.0
Budding Yeast Cell Cycle (TT).txt,0.375,1,0.05,20,1.0
Budding Yeast Cell Cycle (TT).txt,0.38020833333333337,2,0.1,19,0.95
Budding Yeast Cell Cycle (TT).txt,0.41666666666666663,2,0.1,19,0.95
Budding Yeast Cell Cycle (TT).txt,0.41666666666666674,4,0.2,17,0.85
Budding Yeast Cell Cycle (TT).txt,0.5005208333333333,4,0.2,17,0.85
Budding Yeast Cell Cycle (TT).txt,0.5505208333333333,5,0.25,15,0.75
Budding Yeast Cell Cycle (TT).txt,0.625,13,0.65,3,0.15
Budding Yeast Cell Cycle (TT).txt,0.8125,14,0.7,3,0.15
Budding Yeast Cell Cycle (TT).txt,0.8294270833333334,15,0.75,2,0.1
Budding Yeast Cell Cycle (TT).txt,0.90625,16,0.8,2,0.1
Budding Yeast Cell Cycle (TT).txt,1.0,20,1.0,1,0.05
Body Segmentation in Drosophila 2013 (TT).txt,0.0,1,0.058823529411764705,17,1.0
Body Segmentation in Drosophila 2013 (TT).txt,0.375,1,0.058823529411764705,17,1.0
Body Segmentation in Drosophila 2013 (TT).txt,0.41666666666666674,1,0.058823529411764705,17,1.0
Body Segmentation in Drosophila 2013 (TT).txt,0.42708333333333337,1,0.058823529411764705,17,1.0
Body Segmentation in Drosophila 2013 (TT).txt,0.609375,2,0.11764705882352941,15,0.8823529411764706
Body Segmentation in Drosophila 2013 (TT).txt,0.625,8,0.47058823529411764,7,0.4117647058823529
Body Segmentation in Drosophila 2013 (TT).txt,0.8125,11,0.6470588235294118,4,0.23529411764705882
Body Segmentation in Drosophila 2013 (TT).txt,1.0,17,1.0,1,0.058823529411764705
FGF pathway of Drosophila Signalling Pathways (TT).txt,0.0,2,0.08695652173913043,22,0.9565217391304348
FGF pathway of Drosophila Signalling Pathways (TT).txt,0.296875,6,0.2608695652173913,12,0.5217391304347826
FGF pathway of Drosophila Signalling Pathways (TT).txt,0.625,15,0.6521739130434783,5,0.21739130434782608
FGF pathway of Drosophila Signalling Pathways (TT).txt,1.0,23,1.0,1,0.043478260869565216
Oxidative Stress Pathway (TT).txt,0.0,1,0.05263157894736842,19,1.0
Oxidative Stress Pathway (TT).txt,0.23958333333333337,1,0.05263157894736842,19,1.0
Oxidative Stress Pathway (TT).txt,0.375,1,0.05263157894736842,19,1.0
Oxidative Stress Pathway (TT).txt,0.41666666666666663,1,0.05263157894736842,19,1.0
Oxidative Stress Pathway (TT).txt,0.41666666666666674,1,0.05263157894736842,19,1.0
Oxidative Stress Pathway (TT).txt,0.5104166666666667,1,0.05263157894736842,19,1.0
Oxidative Stress Pathway (TT).txt,0.625,7,0.3684210526315789,9,0.47368421052631576
Oxidative Stress Pathway (TT).txt,0.7083333333333334,8,0.42105263157894735,8,0.42105263157894735
Oxidative Stress Pathway (TT).txt,0.8125,9,0.47368421052631576,7,0.3684210526315789
Oxidative Stress Pathway (TT).txt,0.90625,10,0.5263157894736842,7,0.3684210526315789
Oxidative Stress Pathway (TT).txt,1.0,19,1.0,1,0.05263157894736842
Mammalian Cell Cycle (TT).txt,0.0,1,0.05,20,1.0
Mammalian Cell Cycle (TT).txt,0.22499999999999976,1,0.05,20,1.0
Mammalian Cell Cycle (TT).txt,0.22499999999999987,1,0.05,20,1.0
Mammalian Cell Cycle (TT).txt,0.22499999999999998,1,0.05,20,1.0
Mammalian Cell Cycle (TT).txt,0.23958333333333337,1,0.05,20,1.0
Mammalian Cell Cycle (TT).txt,0.296875,1,0.05,20,1.0
Mammalian Cell Cycle (TT).txt,0.2968750000000001,1,0.05,20,1.0
Mammalian Cell Cycle (TT).txt,0.375,2,0.1,12,0.6
Mammalian Cell Cycle (TT).txt,0.41666666666666663,2,0.1,12,0.6
Mammalian Cell Cycle (TT).txt,0.41666666666666674,5,0.25,9,0.45
Mammalian Cell Cycle (TT).txt,0.5208333333333334,7,0.35,8,0.4
Mammalian Cell Cycle (TT).txt,0.625,14,0.7,4,0.2
Mammalian Cell Cycle (TT).txt,0.8125,15,0.75,4,0.2
Mammalian Cell Cycle (TT).txt,1.0,20,1.0,1,0.05
Mammalian Cell Cycle 2006 (TT).txt,0.0,1,0.1,10,1.0
Mammalian Cell Cycle 2006 (TT).txt,0.1640624999999999,1,0.1,10,1.0
Mammalian Cell Cycle 2006 (TT).txt,0.1640625,1,0.1,10,1.0
Mammalian Cell Cycle 2006 (TT).txt,0.20182291666666674,1,0.1,10,1.0
Mammalian Cell Cycle 2006 (TT).txt,0.20182291666666685,1,0.1,10,1.0
Mammalian Cell Cycle 2006 (TT).txt,0.23958333333333326,1,0.1,10,1.0
Mammalian Cell Cycle 2006 (TT).txt,0.23958333333333337,1,0.1,10,1.0
Mammalian Cell Cycle 2006 (TT).txt,0.29374999999999996,1,0.1,10,1.0
Mammalian Cell Cycle 2006 (TT).txt,0.34375,1,0.1,10,1.0
Mammalian Cell Cycle 2006 (TT).txt,0.40468749999999987,2,0.2,9,0.9
Mammalian Cell Cycle 2006 (TT).txt,0.43880208333333337,3,0.3,8,0.8
Mammalian Cell Cycle 2006 (TT).txt,0.4609375,4,0.4,7,0.7
Mammalian Cell Cycle 2006 (TT).txt,0.5104166666666666,4,0.4,7,0.7
Mammalian Cell Cycle 2006 (TT).txt,0.5208333333333333,5,0.5,4,0.4
Mammalian Cell Cycle 2006 (TT).txt,0.5859375,5,0.5,4,0.4
Mammalian Cell Cycle 2006 (TT).txt,0.625,7,0.7,4,0.4
Mammalian Cell Cycle 2006 (TT).txt,0.6484375,8,0.8,3,0.3
Mammalian Cell Cycle 2006 (TT).txt,0.7083333333333333,9,0.9,2,0.2
Mammalian Cell Cycle 2006 (TT).txt,1.0,10,1.0,1,0.1
BT474 Breast Cell Line Short-term ErbB Network (TT).txt,0.0,1,0.0625,16,1.0
BT474 Breast Cell Line Short-term ErbB Network (TT).txt,0.09505208333333337,1,0.0625,16,1.0
BT474 Breast Cell Line Short-term ErbB Network (TT).txt,0.14583333333333337,1,0.0625,16,1.0
BT474 Breast Cell Line Short-term ErbB Network (TT).txt,0.22499999999999976,1,0.0625,16,1.0
BT474 Breast Cell Line Short-term ErbB Network (TT).txt,0.22499999999999987,1,0.0625,16,1.0
BT474 Breast Cell Line Short-term ErbB Network (TT).txt,0.22499999999999998,2,0.125,14,0.875
BT474 Breast Cell Line Short-term ErbB Network (TT).txt,0.23958333333333337,3,0.1875,13,0.8125
BT474 Breast Cell Line Short-term ErbB Network (TT).txt,0.296875,5,0.3125,10,0.625
BT474 Breast Cell Line Short-term ErbB Network (TT).txt,0.2968750000000001,8,0.5,8,0.5
BT474 Breast Cell Line Short-term ErbB Network (TT).txt,0.38671875,10,0.625,6,0.375
BT474 Breast Cell Line Short-term ErbB Network (TT).txt,0.41666666666666663,12,0.75,4,0.25
BT474 Breast Cell Line Short-term ErbB Network (TT).txt,0.5208333333333334,13,0.8125,3,0.1875
BT474 Breast Cell Line Short-term ErbB Network (TT).txt,0.5729166666666667,15,0.9375,2,0.125
BT474 Breast Cell Line Short-term ErbB Network (TT).txt,0.625,16,1.0,1,0.0625
BT474 Breast Cell Line Short-term ErbB Network (TT).txt,1.0,16,1.0,1,0.0625
Budding Yeast Cell Cycle 2009 (TT).txt,0.0,1,0.05555555555555555,18,1.0
Budding Yeast Cell Cycle 2009 (TT).txt,0.14572172619047608,1,0.05555555555555555,18,1.0
Budding Yeast Cell Cycle 2009 (TT).txt,0.19270833333333326,1,0.05555555555555555,18,1.0
Budding Yeast Cell Cycle 2009 (TT).txt,0.20182291666666674,1,0.05555555555555555,18,1.0
Budding Yeast Cell Cycle 2009 (TT).txt,0.23958333333333326,1,0.05555555555555555,18,1.0
Budding Yeast Cell Cycle 2009 (TT).txt,0.23958333333333337,1,0.05555555555555555,18,1.0
Budding Yeast Cell Cycle 2009 (TT).txt,0.26953125,1,0.05555555555555555,18,1.0
Budding Yeast Cell Cycle 2009 (TT).txt,0.27607886904761914,1,0.05555555555555555,18,1.0
Budding Yeast Cell Cycle 2009 (TT).txt,0.296875,1,0.05555555555555555,18,1.0
Budding Yeast Cell Cycle 2009 (TT).txt,0.2968750000000001,1,0.05555555555555555,18,1.0
Budding Yeast Cell Cycle 2009 (TT).txt,0.375,1,0.05555555555555555,18,1.0
Budding Yeast Cell Cycle 2009 (TT).txt,0.41666666666666663,1,0.05555555555555555,18,1.0
Budding Yeast Cell Cycle 2009 (TT).txt,0.41666666666666674,1,0.05555555555555555,18,1.0
Budding Yeast Cell Cycle 2009 (TT).txt,0.42708333333333337,2,0.1111111111111111,14,0.7777777777777778
Budding Yeast Cell Cycle 2009 (TT).txt,0.5104166666666667,2,0.1111111111111111,14,0.7777777777777778
Budding Yeast Cell Cycle 2009 (TT).txt,0.5286458333333334,2,0.1111111111111111,14,0.7777777777777778
Budding Yeast Cell Cycle 2009 (TT).txt,0.5462797619047619,2,0.1111111111111111,14,0.7777777777777778
Budding Yeast Cell Cycle 2009 (TT).txt,0.5846354166666666,3,0.16666666666666666,11,0.6111111111111112
Budding Yeast Cell Cycle 2009 (TT).txt,0.625,7,0.3888888888888889,5,0.2777777777777778
Budding Yeast Cell Cycle 2009 (TT).txt,0.6412202380952381,8,0.4444444444444444,5,0.2777777777777778
Budding Yeast Cell Cycle 2009 (TT).txt,0.7083333333333334,9,0.5,5,0.2777777777777778
Budding Yeast Cell Cycle 2009 (TT).txt,0.8125,10,0.5555555555555556,5,0.2777777777777778
Budding Yeast Cell Cycle 2009 (TT).txt,0.90625,14,0.7777777777777778,4,0.2222222222222222
Budding Yeast Cell Cycle 2009 (TT).txt,1.0,18,1.0,1,0.05555555555555555
Cholesterol Regulatory Pathway (TT).txt,0.0,1,0.029411764705882353,34,1.0
Cholesterol Regulatory Pathway (TT).txt,0.41666666666666674,1,0.029411764705882353,34,1.0
Cholesterol Regulatory Pathway (TT).txt,0.625,10,0.29411764705882354,17,0.5
Cholesterol Regulatory Pathway (TT).txt,1.0,34,1.0,1,0.029411764705882353
Glucose Repression Signaling 2009 (TT).txt,0.0,1,0.0136986301369863,73,1.0
Glucose Repression Signaling 2009 (TT).txt,0.1640625,1,0.0136986301369863,73,1.0
Glucose Repression Signaling 2009 (TT).txt,0.35677083333333326,1,0.0136986301369863,73,1.0
Glucose Repression Signaling 2009 (TT).txt,0.35677083333333337,1,0.0136986301369863,73,1.0
Glucose Repression Signaling 2009 (TT).txt,0.375,3,0.0410958904109589,71,0.9726027397260274
Glucose Repression Signaling 2009 (TT).txt,0.41666666666666663,8,0.1095890410958904,61,0.8356164383561644
Glucose Repression Signaling 2009 (TT).txt,0.41666666666666674,10,0.136986301369863,58,0.7945205479452054
Glucose Repression Signaling 2009 (TT).txt,0.625,41,0.5616438356164384,9,0.1232876712328767
Glucose Repression Signaling 2009 (TT).txt,0.8125,45,0.6164383561643836,7,0.0958904109589041
Glucose Repression Signaling 2009 (TT).txt,1.0,73,1.0,1,0.0136986301369863
Toll Pathway of Drosophila Signaling Pathway (TT).txt,0.0,1,0.09090909090909091,11,1.0
Toll Pathway of Drosophila Signaling Pathway (TT).txt,0.625,4,0.36363636363636365,6,0.5454545454545454
Toll Pathway of Drosophila Signaling Pathway (TT).txt,1.0,11,1.0,1,0.09090909090909091
Wg Pathway of Drosophila Signalling Pathways (TT).txt,0.0,2,0.07692307692307693,22,0.8461538461538461
Wg Pathway of Drosophila Signalling Pathways (TT).txt,0.06666666666666643,2,0.07692307692307693,22,0.8461538461538461
Wg Pathway of Drosophila Signalling Pathways (TT).txt,0.06666666666666654,4,0.15384615384615385,20,0.7692307692307693
Wg Pathway of Drosophila Signalling Pathways (TT).txt,0.06666666666666665,5,0.19230769230769232,11,0.4230769230769231
Wg Pathway of Drosophila Signalling Pathways (TT).txt,0.1796875000000001,7,0.2692307692307692,9,0.34615384615384615
Wg Pathway of Drosophila Signalling Pathways (TT).txt,0.17968750000000022,10,0.38461538461538464,9,0.34615384615384615
Wg Pathway of Drosophila Signalling Pathways (TT).txt,0.17968750000000056,11,0.4230769230769231,9,0.34615384615384615
Wg Pathway of Drosophila Signalling Pathways (TT).txt,0.375,12,0.46153846153846156,5,0.19230769230769232
Wg Pathway of Drosophila Signalling Pathways (TT).txt,0.6119791666666667,14,0.5384615384615384,5,0.19230769230769232
Wg Pathway of Drosophila Signalling Pathways (TT).txt,0.625,20,0.7692307692307693,5,0.19230769230769232
Wg Pathway of Drosophila Signalling Pathways (TT).txt,0.8125,21,0.8076923076923077,4,0.15384615384615385
Wg Pathway of Drosophila Signalling Pathways (TT).txt,1.0,26,1.0,1,0.038461538461538464
IL-6 Signalling (TT).txt,0.0,5,0.05813953488372093,82,0.9534883720930233
IL-6 Signalling (TT).txt,0.12031250000000004,5,0.05813953488372093,82,0.9534883720930233
IL-6 Signalling (TT).txt,0.12031250000000016,5,0.05813953488372093,82,0.9534883720930233
IL-6 Signalling (TT).txt,0.296875,7,0.08139534883720931,80,0.9302325581395349
IL-6 Signalling (TT).txt,0.2968750000000001,8,0.09302325581395349,79,0.9186046511627907
IL-6 Signalling (TT).txt,0.375,8,0.09302325581395349,79,0.9186046511627907
IL-6 Signalling (TT).txt,0.41666666666666663,11,0.12790697674418605,71,0.8255813953488372
IL-6 Signalling (TT).txt,0.41666666666666674,19,0.22093023255813954,63,0.7325581395348837
IL-6 Signalling (TT).txt,0.625,54,0.627906976744186,7,0.08139534883720931
IL-6 Signalling (TT).txt,0.8125,56,0.6511627906976745,7,0.08139534883720931
IL-6 Signalling (TT).txt,0.9765625,57,0.6627906976744186,7,0.08139534883720931
IL-6 Signalling (TT).txt,1.0,86,1.0,1,0.011627906976744186
Trichostrongylus retortaeformis (TT).txt,0.0,1,0.038461538461538464,26,1.0
Trichostrongylus retortaeformis (TT).txt,0.14583333333333326,1,0.038461538461538464,26,1.0
Trichostrongylus retortaeformis (TT).txt,0.14583333333333337,1,0.038461538461538464,26,1.0
Trichostrongylus retortaeformis (TT).txt,0.1640625,1,0.038461538461538464,26,1.0
Trichostrongylus retortaeformis (TT).txt,0.23958333333333337,1,0.038461538461538464,26,1.0
Trichostrongylus retortaeformis (TT).txt,0.3125,1,0.038461538461538464,26,1.0
Trichostrongylus retortaeformis (TT).txt,0.34375,1,0.038461538461538464,26,1.0
Trichostrongylus retortaeformis (TT).txt,0.375,1,0.038461538461538464,26,1.0
Trichostrongylus retortaeformis (TT).txt,0.41666666666666674,1,0.038461538461538464,26,1.0
Trichostrongylus retortaeformis (TT).txt,0.4375,2,0.07692307692307693,25,0.9615384615384616
Trichostrongylus retortaeformis (TT).txt,0.4609375,2,0.07692307692307693,25,0.9615384615384616
Trichostrongylus retortaeformis (TT).txt,0.5,3,0.11538461538461539,24,0.9230769230769231
Trichostrongylus retortaeformis (TT).txt,0.5208333333333333,4,0.15384615384615385,23,0.8846153846153846
Trichostrongylus retortaeformis (TT).txt,0.625,15,0.5769230769230769,4,0.15384615384615385
Trichostrongylus retortaeformis (TT).txt,0.7604166666666666,16,0.6153846153846154,4,0.15384615384615385
Trichostrongylus retortaeformis (TT).txt,0.8125,18,0.6923076923076923,4,0.15384615384615385
Trichostrongylus retortaeformis (TT).txt,1.0,26,1.0,1,0.038461538461538464
B bronchiseptica and T retortaeformis coinfection (TT).txt,0.0,1,0.018867924528301886,53,1.0
B bronchiseptica and T retortaeformis coinfection (TT).txt,0.03886718750000007,1,0.018867924528301886,53,1.0
B bronchiseptica and T retortaeformis coinfection (TT).txt,0.03886718750000018,1,0.018867924528301886,53,1.0
B bronchiseptica and T retortaeformis coinfection (TT).txt,0.08131510416666665,1,0.018867924528301886,53,1.0
B bronchiseptica and T retortaeformis coinfection (TT).txt,0.09505208333333348,1,0.018867924528301886,53,1.0
B bronchiseptica and T retortaeformis coinfection (TT).txt,0.10820312500000007,1,0.018867924528301886,53,1.0
B bronchiseptica and T retortaeformis coinfection (TT).txt,0.12031250000000004,1,0.018867924528301886,53,1.0
B bronchiseptica and T retortaeformis coinfection (TT).txt,0.14583333333333326,1,0.018867924528301886,53,1.0
B bronchiseptica and T retortaeformis coinfection (TT).txt,0.14583333333333337,1,0.018867924528301886,53,1.0
B bronchiseptica and T retortaeformis coinfection (TT).txt,0.1640624999999999,1,0.018867924528301886,53,1.0
B bronchiseptica and T retortaeformis coinfection (TT).txt,0.23958333333333337,1,0.018867924528301886,53,1.0
B bronchiseptica and T retortaeformis coinfection (TT).txt,0.24843749999999998,1,0.018867924528301886,53,1.0
B bronchiseptica and T retortaeformis coinfection (TT).txt,0.3125,1,0.018867924528301886,53,1.0
B bronchiseptica and T retortaeformis coinfection (TT).txt,0.3208333333333333,1,0.018867924528301886,53,1.0
B bronchiseptica and T retortaeformis coinfection (TT).txt,0.328125,1,0.018867924528301886,53,1.0
B bronchiseptica and T retortaeformis coinfection (TT).txt,0.3432942708333334,1,0.018867924528301886,53,1.0
B bronchiseptica and T retortaeformis coinfection (TT).txt,0.35677083333333315,1,0.018867924528301886,53,1.0
B bronchiseptica and T retortaeformis coinfection (TT).txt,0.35677083333333326,1,0.018867924528301886,53,1.0
B bronchiseptica and T retortaeformis coinfection (TT).txt,0.375,2,0.03773584905660377,52,0.9811320754716981
B bronchiseptica and T retortaeformis coinfection (TT).txt,0.41666666666666663,2,0.03773584905660377,52,0.9811320754716981
B bronchiseptica and T retortaeformis coinfection (TT).txt,0.41666666666666674,5,0.09433962264150944,46,0.8679245283018868
B bronchiseptica and T retortaeformis coinfection (TT).txt,0.4375,5,0.09433962264150944,46,0.8679245283018868
B bronchiseptica and T retortaeformis coinfection (TT).txt,0.5,6,0.11320754716981132,45,0.8490566037735849
B bronchiseptica and T retortaeformis coinfection (TT).txt,0.5208333333333333,7,0.1320754716981132,43,0.8113207547169812
B bronchiseptica and T retortaeformis coinfection (TT).txt,0.5208333333333334,8,0.1509433962264151,42,0.7924528301886793
B bronchiseptica and T retortaeformis coinfection (TT).txt,0.5625,8,0.1509433962264151,42,0.7924528301886793
B bronchiseptica and T retortaeformis coinfection (TT).txt,0.5729166666666666,8,0.1509433962264151,42,0.7924528301886793
B bronchiseptica and T retortaeformis coinfection (TT).txt,0.5729166666666667,9,0.16981132075471697,39,0.7358490566037735
B bronchiseptica and T retortaeformis coinfection (TT).txt,0.5989583333333334,9,0.16981132075471697,39,0.7358490566037735
B bronchiseptica and T retortaeformis coinfection (TT).txt,0.625,31,0.5849056603773585,8,0.1509433962264151
B bronchiseptica and T retortaeformis coinfection (TT).txt,0.7604166666666666,32,0.6037735849056604,8,0.1509433962264151
B bronchiseptica and T retortaeformis coinfection (TT).txt,0.8125,38,0.7169811320754716,4,0.07547169811320754
B bronchiseptica and T retortaeformis coinfection (TT).txt,0.8302083333333333,39,0.7358490566037735,4,0.07547169811320754
B bronchiseptica and T retortaeformis coinfection (TT).txt,1.0,53,1.0,1,0.018867924528301886
IL-1 Signaling (TT).txt,0.0,2,0.017094017094017096,116,0.9914529914529915
IL-1 Signaling (TT).txt,0.1796875,2,0.017094017094017096,116,0.9914529914529915
IL-1 Signaling (TT).txt,0.1796875000000001,2,0.017094017094017096,116,0.9914529914529915
IL-1 Signaling (TT).txt,0.17968750000000022,3,0.02564102564102564,115,0.9829059829059829
IL-1 Signaling (TT).txt,0.22499999999999987,3,0.02564102564102564,115,0.9829059829059829
IL-1 Signaling (TT).txt,0.22499999999999998,4,0.03418803418803419,114,0.9743589743589743
IL-1 Signaling (TT).txt,0.2250000000000001,5,0.042735042735042736,113,0.9658119658119658
IL-1 Signaling (TT).txt,0.23958333333333337,5,0.042735042735042736,113,0.9658119658119658
IL-1 Signaling (TT).txt,0.2968749999999999,6,0.05128205128205128,112,0.9572649572649573
IL-1 Signaling (TT).txt,0.296875,7,0.05982905982905983,111,0.9487179487179487
IL-1 Signaling (TT).txt,0.2968750000000001,9,0.07692307692307693,109,0.9316239316239316
IL-1 Signaling (TT).txt,0.375,9,0.07692307692307693,109,0.9316239316239316
IL-1 Signaling (TT).txt,0.41666666666666663,10,0.08547008547008547,108,0.9230769230769231
IL-1 Signaling (TT).txt,0.41666666666666674,14,0.11965811965811966,94,0.8034188034188035
IL-1 Signaling (TT).txt,0.5208333333333333,16,0.13675213675213677,90,0.7692307692307693
IL-1 Signaling (TT).txt,0.625,79,0.6752136752136753,6,0.05128205128205128
IL-1 Signaling (TT).txt,0.8125,83,0.7094017094017094,6,0.05128205128205128
IL-1 Signaling (TT).txt,1.0,117,1.0,1,0.008547008547008548
SKBR3 Breast Cell Line Short-term ErbB Network (TT).txt,0.0,1,0.0625,16,1.0
SKBR3 Breast Cell Line Short-term ErbB Network (TT).txt,0.14583333333333337,2,0.125,15,0.9375
SKBR3 Breast Cell Line Short-term ErbB Network (TT).txt,0.23958333333333337,3,0.1875,14,0.875
SKBR3 Breast Cell Line Short-term ErbB Network (TT).txt,0.296875,4,0.25,11,0.6875
SKBR3 Breast Cell Line Short-term ErbB Network (TT).txt,0.2968750000000001,11,0.6875,4,0.25
SKBR3 Breast Cell Line Short-term ErbB Network (TT).txt,0.5208333333333334,12,0.75,3,0.1875
SKBR3 Breast Cell Line Short-term ErbB Network (TT).txt,0.5729166666666667,14,0.875,2,0.125
SKBR3 Breast Cell Line Short-term ErbB Network (TT).txt,0.625,16,1.0,1,0.0625
SKBR3 Breast Cell Line Short-term ErbB Network (TT).txt,1.0,16,1.0,1,0.0625
T-LGL Survival Network 2011 (TT).txt,0.0,1,0.016666666666666666,60,1.0
T-LGL Survival Network 2011 (TT).txt,0.09505208333333326,1,0.016666666666666666,60,1.0
T-LGL Survival Network 2011 (TT).txt,0.09505208333333348,1,0.016666666666666666,60,1.0
T-LGL Survival Network 2011 (TT).txt,0.14583333333333326,1,0.016666666666666666,60,1.0
T-LGL Survival Network 2011 (TT).txt,0.14583333333333337,1,0.016666666666666666,60,1.0
T-LGL Survival Network 2011 (TT).txt,0.1640624999999999,1,0.016666666666666666,60,1.0
T-LGL Survival Network 2011 (TT).txt,0.1640625,1,0.016666666666666666,60,1.0
T-LGL Survival Network 2011 (TT).txt,0.22499999999999976,1,0.016666666666666666,60,1.0
T-LGL Survival Network 2011 (TT).txt,0.22499999999999987,1,0.016666666666666666,60,1.0
T-LGL Survival Network 2011 (TT).txt,0.22499999999999998,1,0.016666666666666666,60,1.0
T-LGL Survival Network 2011 (TT).txt,0.23958333333333326,1,0.016666666666666666,60,1.0
T-LGL Survival Network 2011 (TT).txt,0.23958333333333337,1,0.016666666666666666,60,1.0
T-LGL Survival Network 2011 (TT).txt,0.296875,1,0.016666666666666666,60,1.0
T-LGL Survival Network 2011 (TT).txt,0.2968750000000001,1,0.016666666666666666,60,1.0
T-LGL Survival Network 2011 (TT).txt,0.3125,1,0.016666666666666666,60,1.0
T-LGL Survival Network 2011 (TT).txt,0.3125000000000001,1,0.016666666666666666,60,1.0
T-LGL Survival Network 2011 (TT).txt,0.34375,1,0.016666666666666666,60,1.0
T-LGL Survival Network 2011 (TT).txt,0.35677083333333315,1,0.016666666666666666,60,1.0
T-LGL Survival Network 2011 (TT).txt,0.35677083333333326,1,0.016666666666666666,60,1.0
T-LGL Survival Network 2011 (TT).txt,0.375,2,0.03333333333333333,59,0.9833333333333333
T-LGL Survival Network 2011 (TT).txt,0.38671875,3,0.05,57,0.95
T-LGL Survival Network 2011 (TT).txt,0.41666666666666663,4,0.06666666666666667,56,0.9333333333333333
T-LGL Survival Network 2011 (TT).txt,0.41666666666666674,6,0.1,54,0.9
T-LGL Survival Network 2011 (TT).txt,0.4375,6,0.1,54,0.9
T-LGL Survival Network 2011 (TT).txt,0.4609375,7,0.11666666666666667,53,0.8833333333333333
T-LGL Survival Network 2011 (TT).txt,0.5104166666666667,7,0.11666666666666667,53,0.8833333333333333
T-LGL Survival Network 2011 (TT).txt,0.5208333333333333,8,0.13333333333333333,52,0.8666666666666667
T-LGL Survival Network 2011 (TT).txt,0.5208333333333334,9,0.15,51,0.85
T-LGL Survival Network 2011 (TT).txt,0.5729166666666667,10,0.16666666666666666,49,0.8166666666666667
T-LGL Survival Network 2011 (TT).txt,0.5989583333333333,10,0.16666666666666666,49,0.8166666666666667
T-LGL Survival Network 2011 (TT).txt,0.5989583333333334,11,0.18333333333333332,48,0.8
T-LGL Survival Network 2011 (TT).txt,0.625,36,0.6,8,0.13333333333333333
T-LGL Survival Network 2011 (TT).txt,0.7083333333333333,37,0.6166666666666667,8,0.13333333333333333
T-LGL Survival Network 2011 (TT).txt,0.7083333333333334,38,0.6333333333333333,7,0.11666666666666667
T-LGL Survival Network 2011 (TT).txt,0.7604166666666667,39,0.65,5,0.08333333333333333
T-LGL Survival Network 2011 (TT).txt,0.8125,45,0.75,5,0.08333333333333333
T-LGL Survival Network 2011 (TT).txt,0.8541666666666666,46,0.7666666666666667,5,0.08333333333333333
T-LGL Survival Network 2011 (TT).txt,0.90625,47,0.7833333333333333,5,0.08333333333333333
T-LGL Survival Network 2011 (TT).txt,1.0,60,1.0,1,0.016666666666666666
Differentiation of T lymphocytes (TT).txt,0.0,1,0.02,50,1.0
Differentiation of T lymphocytes (TT).txt,0.03999255952380898,1,0.02,50,1.0
Differentiation of T lymphocytes (TT).txt,0.03999255952380931,1,0.02,50,1.0
Differentiation of T lymphocytes (TT).txt,0.03999255952380942,1,0.02,50,1.0
Differentiation of T lymphocytes (TT).txt,0.09505208333333337,1,0.02,50,1.0
Differentiation of T lymphocytes (TT).txt,0.12031250000000004,1,0.02,50,1.0
Differentiation of T lymphocytes (TT).txt,0.14583333333333337,1,0.02,50,1.0
Differentiation of T lymphocytes (TT).txt,0.1640624999999999,1,0.02,50,1.0
Differentiation of T lymphocytes (TT).txt,0.1640625,1,0.02,50,1.0
Differentiation of T lymphocytes (TT).txt,0.23958333333333337,2,0.04,48,0.96
Differentiation of T lymphocytes (TT).txt,0.26093750000000004,2,0.04,48,0.96
Differentiation of T lymphocytes (TT).txt,0.26093750000000016,2,0.04,48,0.96
Differentiation of T lymphocytes (TT).txt,0.35677083333333315,2,0.04,48,0.96
Differentiation of T lymphocytes (TT).txt,0.35677083333333326,2,0.04,48,0.96
Differentiation of T lymphocytes (TT).txt,0.375,3,0.06,46,0.92
Differentiation of T lymphocytes (TT).txt,0.3867187500000001,3,0.06,46,0.92
Differentiation of T lymphocytes (TT).txt,0.3867187500000002,4,0.08,42,0.84
Differentiation of T lymphocytes (TT).txt,0.41666666666666663,11,0.22,16,0.32
Differentiation of T lymphocytes (TT).txt,0.5729166666666667,12,0.24,16,0.32
Differentiation of T lymphocytes (TT).txt,0.6217447916666666,13,0.26,16,0.32
Differentiation of T lymphocytes (TT).txt,0.6217447916666667,14,0.28,16,0.32
Differentiation of T lymphocytes (TT).txt,0.625,26,0.52,5,0.1
Differentiation of T lymphocytes (TT).txt,0.8125,27,0.54,5,0.1
Differentiation of T lymphocytes (TT).txt,0.90625,28,0.56,5,0.1
Differentiation of T lymphocytes (TT).txt,0.953125,29,0.58,5,0.1
Differentiation of T lymphocytes (TT).txt,1.0,50,1.0,1,0.02
T cell differentiation (TT).txt,0.0,1,0.043478260869565216,23,1.0
T cell differentiation (TT).txt,0.1640624999999999,1,0.043478260869565216,23,1.0
T cell differentiation (TT).txt,0.1640625,2,0.08695652173913043,21,0.9130434782608695
T cell differentiation (TT).txt,0.375,2,0.08695652173913043,21,0.9130434782608695
T cell differentiation (TT).txt,0.625,12,0.5217391304347826,7,0.30434782608695654
T cell differentiation (TT).txt,0.8125,13,0.5652173913043478,6,0.2608695652173913
T cell differentiation (TT).txt,0.953125,14,0.6086956521739131,4,0.17391304347826086
T cell differentiation (TT).txt,1.0,23,1.0,1,0.043478260869565216
VEGF Pathway of Drosophila Signaling Pathway (TT).txt,0.0,1,0.05555555555555555,18,1.0
VEGF Pathway of Drosophila Signaling Pathway (TT).txt,0.296875,5,0.2777777777777778,8,0.4444444444444444
VEGF Pathway of Drosophila Signaling Pathway (TT).txt,0.41666666666666663,8,0.4444444444444444,7,0.3888888888888889
VEGF Pathway of Drosophila Signaling Pathway (TT).txt,0.625,13,0.7222222222222222,3,0.16666666666666666
VEGF Pathway of Drosophila Signaling Pathway (TT).txt,1.0,18,1.0,1,0.05555555555555555
Guard Cell Abscisic Acid Signaling (TT).txt,0.0,1,0.022727272727272728,44,1.0
Guard Cell Abscisic Acid Signaling (TT).txt,0.1640625,1,0.022727272727272728,44,1.0
Guard Cell Abscisic Acid Signaling (TT).txt,0.22499999999999976,1,0.022727272727272728,44,1.0
Guard Cell Abscisic Acid Signaling (TT).txt,0.22499999999999987,1,0.022727272727272728,44,1.0
Guard Cell Abscisic Acid Signaling (TT).txt,0.22499999999999998,1,0.022727272727272728,44,1.0
Guard Cell Abscisic Acid Signaling (TT).txt,0.23958333333333337,3,0.06818181818181818,41,0.9318181818181818
Guard Cell Abscisic Acid Signaling (TT).txt,0.296875,3,0.06818181818181818,41,0.9318181818181818
Guard Cell Abscisic Acid Signaling (TT).txt,0.2968750000000001,3,0.06818181818181818,41,0.9318181818181818
Guard Cell Abscisic Acid Signaling (TT).txt,0.35677083333333326,3,0.06818181818181818,41,0.9318181818181818
Guard Cell Abscisic Acid Signaling (TT).txt,0.35677083333333337,4,0.09090909090909091,40,0.9090909090909091
Guard Cell Abscisic Acid Signaling (TT).txt,0.375,6,0.13636363636363635,35,0.7954545454545454
Guard Cell Abscisic Acid Signaling (TT).txt,0.41666666666666663,9,0.20454545454545456,27,0.6136363636363636
Guard Cell Abscisic Acid Signaling (TT).txt,0.41666666666666674,10,0.22727272727272727,26,0.5909090909090909
Guard Cell Abscisic Acid Signaling (TT).txt,0.5,11,0.25,25,0.5681818181818182
Guard Cell Abscisic Acid Signaling (TT).txt,0.625,16,0.36363636363636365,9,0.20454545454545456
Guard Cell Abscisic Acid Signaling (TT).txt,0.6666666666666667,19,0.4318181818181818,9,0.20454545454545456
Guard Cell Abscisic Acid Signaling (TT).txt,0.8125,20,0.45454545454545453,9,0.20454545454545456
Guard Cell Abscisic Acid Signaling (TT).txt,0.90625,22,0.5,9,0.20454545454545456
Guard Cell Abscisic Acid Signaling (TT).txt,1.0,44,1.0,1,0.022727272727272728
HCC1954 Breast Cell Line Short-term ErbB Network (TT).txt,0.0,1,0.0625,16,1.0
HCC1954 Breast Cell Line Short-term ErbB Network (TT).txt,0.09505208333333337,1,0.0625,16,1.0
HCC1954 Breast Cell Line Short-term ErbB Network (TT).txt,0.14583333333333337,3,0.1875,14,0.875
HCC1954 Breast Cell Line Short-term ErbB Network (TT).txt,0.22499999999999976,3,0.1875,14,0.875
HCC1954 Breast Cell Line Short-term ErbB Network (TT).txt,0.22499999999999987,4,0.25,11,0.6875
HCC1954 Breast Cell Line Short-term ErbB Network (TT).txt,0.22499999999999998,6,0.375,9,0.5625
HCC1954 Breast Cell Line Short-term ErbB Network (TT).txt,0.296875,6,0.375,9,0.5625
HCC1954 Breast Cell Line Short-term ErbB Network (TT).txt,0.2968750000000001,7,0.4375,8,0.5
HCC1954 Breast Cell Line Short-term ErbB Network (TT).txt,0.38671875,9,0.5625,4,0.25
HCC1954 Breast Cell Line Short-term ErbB Network (TT).txt,0.41666666666666663,11,0.6875,4,0.25
HCC1954 Breast Cell Line Short-term ErbB Network (TT).txt,0.5729166666666667,14,0.875,2,0.125
HCC1954 Breast Cell Line Short-term ErbB Network (TT).txt,0.625,16,1.0,1,0.0625
HCC1954 Breast Cell Line Short-term ErbB Network (TT).txt,1.0,16,1.0,1,0.0625
Death Receptor Signaling (TT).txt,0.0,5,0.16666666666666666,26,0.8666666666666667
Death Receptor Signaling (TT).txt,0.23958333333333337,6,0.2,25,0.8333333333333334
Death Receptor Signaling (TT).txt,0.375,8,0.26666666666666666,22,0.7333333333333333
Death Receptor Signaling (TT).txt,0.41666666666666674,8,0.26666666666666666,22,0.7333333333333333
Death Receptor Signaling (TT).txt,0.625,15,0.5,8,0.26666666666666666
Death Receptor Signaling (TT).txt,0.8125,18,0.6,5,0.16666666666666666
Death Receptor Signaling (TT).txt,0.90625,19,0.6333333333333333,4,0.13333333333333333
Death Receptor Signaling (TT).txt,1.0,30,1.0,1,0.03333333333333333
SKBR3 Breast Cell Line Long-term ErbB Network (TT).txt,0.0,1,0.04,25,1.0
SKBR3 Breast Cell Line Long-term ErbB Network (TT).txt,0.06666666666666654,1,0.04,25,1.0
SKBR3 Breast Cell Line Long-term ErbB Network (TT).txt,0.09505208333333337,1,0.04,25,1.0
SKBR3 Breast Cell Line Long-term ErbB Network (TT).txt,0.12031250000000004,1,0.04,25,1.0
SKBR3 Breast Cell Line Long-term ErbB Network (TT).txt,0.12031250000000016,1,0.04,25,1.0
SKBR3 Breast Cell Line Long-term ErbB Network (TT).txt,0.12031250000000027,1,0.04,25,1.0
SKBR3 Breast Cell Line Long-term ErbB Network (TT).txt,0.14583333333333326,1,0.04,25,1.0
SKBR3 Breast Cell Line Long-term ErbB Network (TT).txt,0.14583333333333337,1,0.04,25,1.0
SKBR3 Breast Cell Line Long-term ErbB Network (TT).txt,0.1640625,1,0.04,25,1.0
SKBR3 Breast Cell Line Long-term ErbB Network (TT).txt,0.23958333333333326,1,0.04,25,1.0
SKBR3 Breast Cell Line Long-term ErbB Network (TT).txt,0.23958333333333337,2,0.08,24,0.96
SKBR3 Breast Cell Line Long-term ErbB Network (TT).txt,0.296875,2,0.08,24,0.96
SKBR3 Breast Cell Line Long-term ErbB Network (TT).txt,0.2968750000000001,2,0.08,24,0.96
SKBR3 Breast Cell Line Long-term ErbB Network (TT).txt,0.35677083333333326,4,0.16,17,0.68
SKBR3 Breast Cell Line Long-term ErbB Network (TT).txt,0.375,4,0.16,17,0.68
SKBR3 Breast Cell Line Long-term ErbB Network (TT).txt,0.38671875,6,0.24,17,0.68
SKBR3 Breast Cell Line Long-term ErbB Network (TT).txt,0.41666666666666663,8,0.32,15,0.6
SKBR3 Breast Cell Line Long-term ErbB Network (TT).txt,0.5208333333333333,10,0.4,15,0.6
SKBR3 Breast Cell Line Long-term ErbB Network (TT).txt,0.5729166666666666,12,0.48,12,0.48
SKBR3 Breast Cell Line Long-term ErbB Network (TT).txt,0.5989583333333333,13,0.52,11,0.44
SKBR3 Breast Cell Line Long-term ErbB Network (TT).txt,0.5989583333333334,14,0.56,10,0.4
SKBR3 Breast Cell Line Long-term ErbB Network (TT).txt,0.6119791666666666,15,0.6,6,0.24
SKBR3 Breast Cell Line Long-term ErbB Network (TT).txt,0.625,21,0.84,3,0.12
SKBR3 Breast Cell Line Long-term ErbB Network (TT).txt,0.8125,24,0.96,2,0.08
SKBR3 Breast Cell Line Long-term ErbB Network (TT).txt,0.9765625,25,1.0,1,0.04
SKBR3 Breast Cell Line Long-term ErbB Network (TT).txt,1.0,25,1.0,1,0.04
FA BRCA pathway (TT).txt,0.0,1,0.03571428571428571,28,1.0
FA BRCA pathway (TT).txt,0.05859374999999989,1,0.03571428571428571,28,1.0
FA BRCA pathway (TT).txt,0.05859375,1,0.03571428571428571,28,1.0
FA BRCA pathway (TT).txt,0.08164992559523754,1,0.03571428571428571,28,1.0
FA BRCA pathway (TT).txt,0.09505208333333337,1,0.03571428571428571,28,1.0
FA BRCA pathway (TT).txt,0.09505208333333348,1,0.03571428571428571,28,1.0
FA BRCA pathway (TT).txt,0.12031250000000004,1,0.03571428571428571,28,1.0
FA BRCA pathway (TT).txt,0.14583333333333326,1,0.03571428571428571,28,1.0
FA BRCA pathway (TT).txt,0.14583333333333337,1,0.03571428571428571,28,1.0
FA BRCA pathway (TT).txt,0.14680757068452288,1,0.03571428571428571,28,1.0
FA BRCA pathway (TT).txt,0.17673456101190355,1,0.03571428571428571,28,1.0
FA BRCA pathway (TT).txt,0.17673456101190377,1,0.03571428571428571,28,1.0
FA BRCA pathway (TT).txt,0.19635416666666672,1,0.03571428571428571,28,1.0
FA BRCA pathway (TT).txt,0.20052083333333337,1,0.03571428571428571,28,1.0
FA BRCA pathway (TT).txt,0.22499999999999998,1,0.03571428571428571,28,1.0
FA BRCA pathway (TT).txt,0.2250000000000001,1,0.03571428571428571,28,1.0
FA BRCA pathway (TT).txt,0.2265625,1,0.03571428571428571,28,1.0
FA BRCA pathway (TT).txt,0.23958333333333337,1,0.03571428571428571,28,1.0
FA BRCA pathway (TT).txt,0.2484375000000001,1,0.03571428571428571,28,1.0
FA BRCA pathway (TT).txt,0.26093750000000004,1,0.03571428571428571,28,1.0
FA BRCA pathway (TT).txt,0.26093750000000016,1,0.03571428571428571,28,1.0
FA BRCA pathway (TT).txt,0.296875,1,0.03571428571428571,28,1.0
FA BRCA pathway (TT).txt,0.2968750000000001,2,0.07142857142857142,27,0.9642857142857143
FA BRCA pathway (TT).txt,0.3125000000000001,2,0.07142857142857142,27,0.9642857142857143
FA BRCA pathway (TT).txt,0.32053803943452275,2,0.07142857142857142,27,0.9642857142857143
FA BRCA pathway (TT).txt,0.3208333333333333,2,0.07142857142857142,27,0.9642857142857143
FA BRCA pathway (TT).txt,0.35286458333333337,2,0.07142857142857142,27,0.9642857142857143
FA BRCA pathway (TT).txt,0.375,2,0.07142857142857142,27,0.9642857142857143
FA BRCA pathway (TT).txt,0.3915713355654762,2,0.07142857142857142,27,0.9642857142857143
FA BRCA pathway (TT).txt,0.3915713355654763,2,0.07142857142857142,27,0.9642857142857143
FA BRCA pathway (TT).txt,0.39713541666666663,2,0.07142857142857142,27,0.9642857142857143
FA BRCA pathway (TT).txt,0.41666666666666663,2,0.07142857142857142,27,0.9642857142857143
FA BRCA pathway (TT).txt,0.41666666666666674,4,0.14285714285714285,25,0.8928571428571429
FA BRCA pathway (TT).txt,0.41875000000000007,5,0.17857142857142858,24,0.8571428571428571
FA BRCA pathway (TT).txt,0.4375,5,0.17857142857142858,24,0.8571428571428571
FA BRCA pathway (TT).txt,0.5,6,0.21428571428571427,23,0.8214285714285714
FA BRCA pathway (TT).txt,0.5104166666666666,7,0.25,21,0.75
FA BRCA pathway (TT).txt,0.5104166666666667,8,0.2857142857142857,19,0.6785714285714286
FA BRCA pathway (TT).txt,0.5208333333333334,8,0.2857142857142857,19,0.6785714285714286
FA BRCA pathway (TT).txt,0.54296875,9,0.32142857142857145,18,0.6428571428571429
FA BRCA pathway (TT).txt,0.5729166666666666,11,0.39285714285714285,16,0.5714285714285714
FA BRCA pathway (TT).txt,0.5729166666666667,13,0.4642857142857143,14,0.5
FA BRCA pathway (TT).txt,0.625,17,0.6071428571428571,7,0.25
FA BRCA pathway (TT).txt,0.7083333333333334,19,0.6785714285714286,7,0.25
FA BRCA pathway (TT).txt,0.7604166666666667,20,0.7142857142857143,7,0.25
FA BRCA pathway (TT).txt,0.7739583333333333,21,0.75,6,0.21428571428571427
FA BRCA pathway (TT).txt,0.7864583333333334,22,0.7857142857142857,6,0.21428571428571427
FA BRCA pathway (TT).txt,0.8125,23,0.8214285714285714,5,0.17857142857142858
FA BRCA pathway (TT).txt,0.90625,26,0.9285714285714286,2,0.07142857142857142
FA BRCA pathway (TT).txt,0.912109375,27,0.9642857142857143,2,0.07142857142857142
FA BRCA pathway (TT).txt,1.0,28,1.0,1,0.03571428571428571
Apoptosis Network (TT).txt,0.0,1,0.024390243902439025,41,1.0
Apoptosis Network (TT).txt,0.23958333333333326,1,0.024390243902439025,41,1.0
Apoptosis Network (TT).txt,0.23958333333333337,1,0.024390243902439025,41,1.0
Apoptosis Network (TT).txt,0.296875,1,0.024390243902439025,41,1.0
Apoptosis Network (TT).txt,0.2968750000000001,1,0.024390243902439025,41,1.0
Apoptosis Network (TT).txt,0.375,2,0.04878048780487805,40,0.975609756097561
Apoptosis Network (TT).txt,0.41666666666666663,2,0.04878048780487805,40,0.975609756097561
Apoptosis Network (TT).txt,0.41666666666666674,3,0.07317073170731707,36,0.8780487804878049
Apoptosis Network (TT).txt,0.5104166666666667,3,0.07317073170731707,36,0.8780487804878049
Apoptosis Network (TT).txt,0.5208333333333333,4,0.0975609756097561,32,0.7804878048780488
Apoptosis Network (TT).txt,0.5208333333333334,6,0.14634146341463414,28,0.6829268292682927
Apoptosis Network (TT).txt,0.625,15,0.36585365853658536,12,0.2926829268292683
Apoptosis Network (TT).txt,0.7083333333333333,16,0.3902439024390244,12,0.2926829268292683
Apoptosis Network (TT).txt,0.8125,20,0.4878048780487805,11,0.2682926829268293
Apoptosis Network (TT).txt,1.0,41,1.0,1,0.024390243902439025
Cortical Area Development (TT).txt,0.0,1,0.2,5,1.0
Cortical Area Development (TT).txt,0.296875,1,0.2,5,1.0
Cortical Area Development (TT).txt,0.2968750000000001,1,0.2,5,1.0
Cortical Area Development (TT).txt,0.41666666666666663,1,0.2,5,1.0
Cortical Area Development (TT).txt,0.41666666666666674,2,0.4,4,0.8
Cortical Area Development (TT).txt,0.625,5,1.0,1,0.2
HCC1954 Breast Cell Line Long-term ErbB Network (TT).txt,0.0,3,0.12,23,0.92
HCC1954 Breast Cell Line Long-term ErbB Network (TT).txt,0.09505208333333337,3,0.12,23,0.92
HCC1954 Breast Cell Line Long-term ErbB Network (TT).txt,0.09505208333333348,3,0.12,23,0.92
HCC1954 Breast Cell Line Long-term ErbB Network (TT).txt,0.12031250000000016,3,0.12,23,0.92
HCC1954 Breast Cell Line Long-term ErbB Network (TT).txt,0.12031250000000027,3,0.12,23,0.92
HCC1954 Breast Cell Line Long-term ErbB Network (TT).txt,0.14583333333333326,3,0.12,23,0.92
HCC1954 Breast Cell Line Long-term ErbB Network (TT).txt,0.14583333333333337,3,0.12,23,0.92
HCC1954 Breast Cell Line Long-term ErbB Network (TT).txt,0.1640625,4,0.16,22,0.88
HCC1954 Breast Cell Line Long-term ErbB Network (TT).txt,0.22499999999999976,4,0.16,22,0.88
HCC1954 Breast Cell Line Long-term ErbB Network (TT).txt,0.22499999999999987,4,0.16,22,0.88
HCC1954 Breast Cell Line Long-term ErbB Network (TT).txt,0.22499999999999998,5,0.2,21,0.84
HCC1954 Breast Cell Line Long-term ErbB Network (TT).txt,0.23958333333333326,5,0.2,21,0.84
HCC1954 Breast Cell Line Long-term ErbB Network (TT).txt,0.23958333333333337,5,0.2,21,0.84
HCC1954 Breast Cell Line Long-term ErbB Network (TT).txt,0.296875,5,0.2,21,0.84
HCC1954 Breast Cell Line Long-term ErbB Network (TT).txt,0.2968750000000001,5,0.2,21,0.84
HCC1954 Breast Cell Line Long-term ErbB Network (TT).txt,0.35677083333333315,5,0.2,21,0.84
HCC1954 Breast Cell Line Long-term ErbB Network (TT).txt,0.35677083333333326,7,0.28,19,0.76
HCC1954 Breast Cell Line Long-term ErbB Network (TT).txt,0.375,8,0.32,13,0.52
HCC1954 Breast Cell Line Long-term ErbB Network (TT).txt,0.41666666666666663,9,0.36,13,0.52
HCC1954 Breast Cell Line Long-term ErbB Network (TT).txt,0.5208333333333333,11,0.44,10,0.4
HCC1954 Breast Cell Line Long-term ErbB Network (TT).txt,0.5729166666666666,12,0.48,10,0.4
HCC1954 Breast Cell Line Long-term ErbB Network (TT).txt,0.5989583333333333,14,0.56,10,0.4
HCC1954 Breast Cell Line Long-term ErbB Network (TT).txt,0.625,20,0.8,4,0.16
HCC1954 Breast Cell Line Long-term ErbB Network (TT).txt,0.8125,23,0.92,2,0.08
HCC1954 Breast Cell Line Long-term ErbB Network (TT).txt,0.90625,24,0.96,2,0.08
HCC1954 Breast Cell Line Long-term ErbB Network (TT).txt,0.9765625,25,1.0,1,0.04
HCC1954 Breast Cell Line Long-term ErbB Network (TT).txt,1.0,25,1.0,1,0.04
HH Pathway of Drosophila Signaling Pathways (TT).txt,0.0,1,0.041666666666666664,24,1.0
HH Pathway of Drosophila Signaling Pathways (TT).txt,0.09505208333333337,1,0.041666666666666664,24,1.0
HH Pathway of Drosophila Signaling Pathways (TT).txt,0.12841796875,4,0.16666666666666666,21,0.875
HH Pathway of Drosophila Signaling Pathways (TT).txt,0.1284179687500001,6,0.25,19,0.7916666666666666
HH Pathway of Drosophila Signaling Pathways (TT).txt,0.12841796875000022,7,0.2916666666666667,18,0.75
HH Pathway of Drosophila Signaling Pathways (TT).txt,0.12841796875000033,8,0.3333333333333333,15,0.625
HH Pathway of Drosophila Signaling Pathways (TT).txt,0.1796875,10,0.4166666666666667,13,0.5416666666666666
HH Pathway of Drosophila Signaling Pathways (TT).txt,0.1796875000000001,11,0.4583333333333333,12,0.5
HH Pathway of Drosophila Signaling Pathways (TT).txt,0.17968750000000022,11,0.4583333333333333,12,0.5
HH Pathway of Drosophila Signaling Pathways (TT).txt,0.375,13,0.5416666666666666,9,0.375
HH Pathway of Drosophila Signaling Pathways (TT).txt,0.3867187499999999,13,0.5416666666666666,9,0.375
HH Pathway of Drosophila Signaling Pathways (TT).txt,0.38671875,15,0.625,5,0.20833333333333334
HH Pathway of Drosophila Signaling Pathways (TT).txt,0.625,18,0.75,4,0.16666666666666666
HH Pathway of Drosophila Signaling Pathways (TT).txt,0.8125,19,0.7916666666666666,3,0.125
HH Pathway of Drosophila Signaling Pathways (TT).txt,1.0,24,1.0,1,0.041666666666666664
HGF Signaling in Keratinocytes (TT).txt,0.0,1,0.014705882352941176,68,1.0
HGF Signaling in Keratinocytes (TT).txt,0.23958333333333326,1,0.014705882352941176,68,1.0
HGF Signaling in Keratinocytes (TT).txt,0.296875,2,0.029411764705882353,67,0.9852941176470589
HGF Signaling in Keratinocytes (TT).txt,0.375,2,0.029411764705882353,67,0.9852941176470589
HGF Signaling in Keratinocytes (TT).txt,0.41666666666666663,3,0.04411764705882353,66,0.9705882352941176
HGF Signaling in Keratinocytes (TT).txt,0.41666666666666674,7,0.10294117647058823,55,0.8088235294117647
HGF Signaling in Keratinocytes (TT).txt,0.5104166666666667,7,0.10294117647058823,55,0.8088235294117647
HGF Signaling in Keratinocytes (TT).txt,0.625,29,0.4264705882352941,11,0.16176470588235295
HGF Signaling in Keratinocytes (TT).txt,0.7083333333333334,30,0.4411764705882353,11,0.16176470588235295
HGF Signaling in Keratinocytes (TT).txt,0.8125,33,0.4852941176470588,11,0.16176470588235295
HGF Signaling in Keratinocytes (TT).txt,1.0,68,1.0,1,0.014705882352941176
Cardiac development (TT).txt,0.0,1,0.06666666666666667,15,1.0
Cardiac development (TT).txt,0.08776041666666667,1,0.06666666666666667,15,1.0
Cardiac development (TT).txt,0.14218749999999958,1,0.06666666666666667,15,1.0
Cardiac development (TT).txt,0.1421874999999998,1,0.06666666666666667,15,1.0
Cardiac development (TT).txt,0.1640625,1,0.06666666666666667,15,1.0
Cardiac development (TT).txt,0.17994791666666665,1,0.06666666666666667,15,1.0
Cardiac development (TT).txt,0.2367187500000001,1,0.06666666666666667,15,1.0
Cardiac development (TT).txt,0.29609375000000016,1,0.06666666666666667,15,1.0
Cardiac development (TT).txt,0.3226562500000001,1,0.06666666666666667,15,1.0
Cardiac development (TT).txt,0.35677083333333315,1,0.06666666666666667,15,1.0
Cardiac development (TT).txt,0.35677083333333326,2,0.13333333333333333,14,0.9333333333333333
Cardiac development (TT).txt,0.375,2,0.13333333333333333,14,0.9333333333333333
Cardiac development (TT).txt,0.39088541666666665,2,0.13333333333333333,14,0.9333333333333333
Cardiac development (TT).txt,0.41666666666666663,4,0.26666666666666666,12,0.8
Cardiac development (TT).txt,0.43281249999999993,5,0.3333333333333333,11,0.7333333333333333
Cardiac development (TT).txt,0.625,9,0.6,3,0.2
Cardiac development (TT).txt,0.8125,11,0.7333333333333333,3,0.2
Cardiac development (TT).txt,1.0,15,1.0,1,0.06666666666666667
Arabidopsis Thaliana,0.0,1,0.06666666666666667,15,1.0
Arabidopsis Thaliana,0.047772507440475565,1,0.06666666666666667,15,1.0
Arabidopsis Thaliana,0.08776041666666656,1,0.06666666666666667,15,1.0
Arabidopsis Thaliana,0.10249255952380854,3,0.2,13,0.8666666666666667
Arabidopsis Thaliana,0.10249255952380965,3,0.2,13,0.8666666666666667
Arabidopsis Thaliana,0.12955729166666663,3,0.2,13,0.8666666666666667
Arabidopsis Thaliana,0.19322916666666667,3,0.2,13,0.8666666666666667
Arabidopsis Thaliana,0.23958333333333337,3,0.2,13,0.8666666666666667
Arabidopsis Thaliana,0.28059895833333337,3,0.2,13,0.8666666666666667
Arabidopsis Thaliana,0.3430850074404763,3,0.2,13,0.8666666666666667
Arabidopsis Thaliana,0.375,4,0.26666666666666666,12,0.8
Arabidopsis Thaliana,0.41666666666666663,4,0.26666666666666666,12,0.8
Arabidopsis Thaliana,0.42942708333333335,4,0.26666666666666666,12,0.8
Arabidopsis Thaliana,0.4335332961309526,4,0.26666666666666666,12,0.8
Arabidopsis Thaliana,0.5153645833333333,4,0.26666666666666666,12,0.8
Arabidopsis Thaliana,0.5768229166666667,6,0.4,10,0.6666666666666666
Arabidopsis Thaliana,0.625,8,0.5333333333333333,7,0.4666666666666667
Arabidopsis Thaliana,0.7690104166666667,9,0.6,6,0.4
Arabidopsis Thaliana,0.8125,9,0.6,6,0.4
Arabidopsis Thaliana,0.8260230654761904,10,0.6666666666666666,4,0.26666666666666666
Arabidopsis Thaliana,0.90625,11,0.7333333333333333,4,0.26666666666666666
Arabidopsis Thaliana,1.0,15,1.0,1,0.06666666666666667
Drosophila Melanogaster,0.0,1,0.058823529411764705,17,1.0
Drosophila Melanogaster,0.375,1,0.058823529411764705,17,1.0
Drosophila Melanogaster,0.41666666666666663,1,0.058823529411764705,17,1.0
Drosophila Melanogaster,0.41666666666666674,2,0.11764705882352941,12,0.7058823529411765
Drosophila Melanogaster,0.42708333333333337,2,0.11764705882352941,12,0.7058823529411765
Drosophila Melanogaster,0.609375,3,0.17647058823529413,10,0.5882352941176471
Drosophila Melanogaster,0.625,10,0.5882352941176471,5,0.29411764705882354
Drosophila Melanogaster,0.8125,12,0.7058823529411765,4,0.23529411764705882
Drosophila Melanogaster,1.0,17,1.0,1,0.058823529411764705
Budding Yeast Cell Cycle,0.0,1,0.08333333333333333,12,1.0
Budding Yeast Cell Cycle,0.475,1,0.08333333333333333,12,1.0
Budding Yeast Cell Cycle,0.5572916666666667,2,0.16666666666666666,11,0.9166666666666666
Budding Yeast Cell Cycle,0.5572916666666669,2,0.16666666666666666,11,0.9166666666666666
Budding Yeast Cell Cycle,0.578125,3,0.25,10,0.8333333333333334
Budding Yeast Cell Cycle,0.625,4,0.3333333333333333,9,0.75
Budding Yeast Cell Cycle,0.6666666666666666,7,0.5833333333333334,6,0.5
Budding Yeast Cell Cycle,0.6666666666666667,10,0.8333333333333334,2,0.16666666666666666
Budding Yeast Cell Cycle,1.0,12,1.0,1,0.08333333333333333
Leukemia,0.0,1,0.016666666666666666,60,1.0
Leukemia,0.09505208333333337,1,0.016666666666666666,60,1.0
Leukemia,0.09505208333333348,1,0.016666666666666666,60,1.0
Leukemia,0.14583333333333337,1,0.016666666666666666,60,1.0
Leukemia,0.1640625,1,0.016666666666666666,60,1.0
Leukemia,0.22499999999999998,1,0.016666666666666666,60,1.0
Leukemia,0.2250000000000001,1,0.016666666666666666,60,1.0
Leukemia,0.23958333333333337,1,0.016666666666666666,60,1.0
Leukemia,0.296875,1,0.016666666666666666,60,1.0
Leukemia,0.2968750000000001,1,0.016666666666666666,60,1.0
Leukemia,0.3125000000000001,1,0.016666666666666666,60,1.0
Leukemia,0.34375,1,0.016666666666666666,60,1.0
Leukemia,0.35677083333333337,1,0.016666666666666666,60,1.0
Leukemia,0.375,1,0.016666666666666666,60,1.0
Leukemia,0.3867187499999999,1,0.016666666666666666,60,1.0
Leukemia,0.38671875,2,0.03333333333333333,58,0.9666666666666667
Leukemia,0.41666666666666663,3,0.05,57,0.95
Leukemia,0.41666666666666674,6,0.1,54,0.9
Leukemia,0.4375,6,0.1,54,0.9
Leukemia,0.4609375,7,0.11666666666666667,53,0.8833333333333333
Leukemia,0.5104166666666667,7,0.11666666666666667,53,0.8833333333333333
Leukemia,0.5208333333333334,9,0.15,51,0.85
Leukemia,0.5729166666666667,10,0.16666666666666666,49,0.8166666666666667
Leukemia,0.5989583333333333,11,0.18333333333333332,48,0.8
Leukemia,0.5989583333333334,11,0.18333333333333332,48,0.8
Leukemia,0.625,35,0.5833333333333334,9,0.15
Leukemia,0.7083333333333333,36,0.6,9,0.15
Leukemia,0.7083333333333334,37,0.6166666666666667,8,0.13333333333333333
Leukemia,0.7604166666666667,38,0.6333333333333333,5,0.08333333333333333
Leukemia,0.8125,44,0.7333333333333333,5,0.08333333333333333
Leukemia,0.8541666666666666,45,0.75,5,0.08333333333333333
Leukemia,0.90625,46,0.7666666666666667,5,0.08333333333333333
Leukemia,1.0,60,1.0,1,0.016666666666666666
Breast Cancer,0.0,1,0.0125,80,1.0
Breast Cancer,0.06518554687499956,1,0.0125,80,1.0
Breast Cancer,0.065185546875,1,0.0125,80,1.0
Breast Cancer,0.06518554687500011,1,0.0125,80,1.0
Breast Cancer,0.12031250000000004,1,0.0125,80,1.0
Breast Cancer,0.12031250000000016,1,0.0125,80,1.0
Breast Cancer,0.13218005952380962,1,0.0125,80,1.0
Breast Cancer,0.14583333333333326,1,0.0125,80,1.0
Breast Cancer,0.14583333333333337,1,0.0125,80,1.0
Breast Cancer,0.1640624999999999,1,0.0125,80,1.0
Breast Cancer,0.1640625,2,0.025,79,0.9875
Breast Cancer,0.1796875,2,0.025,79,0.9875
Breast Cancer,0.1796875000000001,3,0.0375,78,0.975
Breast Cancer,0.17968750000000022,3,0.0375,78,0.975
Breast Cancer,0.17968750000000056,3,0.0375,78,0.975
Breast Cancer,0.20182291666666663,3,0.0375,78,0.975
Breast Cancer,0.22499999999999976,3,0.0375,78,0.975
Breast Cancer,0.22499999999999987,3,0.0375,78,0.975
Breast Cancer,0.22499999999999998,3,0.0375,78,0.975
Breast Cancer,0.23958333333333326,3,0.0375,78,0.975
Breast Cancer,0.23958333333333337,3,0.0375,78,0.975
Breast Cancer,0.24843749999999998,3,0.0375,78,0.975
Breast Cancer,0.2695312500000001,3,0.0375,78,0.975
Breast Cancer,0.2773809523809523,4,0.05,77,0.9625
Breast Cancer,0.2885416666666667,4,0.05,77,0.9625
Breast Cancer,0.296875,4,0.05,77,0.9625
Breast Cancer,0.2968750000000001,6,0.075,73,0.9125
Breast Cancer,0.30729166666666674,7,0.0875,72,0.9
Breast Cancer,0.3125,8,0.1,71,0.8875
Breast Cancer,0.3128534226190476,8,0.1,71,0.8875
Breast Cancer,0.3208333333333332,9,0.1125,70,0.875
Breast Cancer,0.3208333333333335,10,0.125,69,0.8625
Breast Cancer,0.34375,10,0.125,69,0.8625
Breast Cancer,0.37436755952380973,10,0.125,69,0.8625
Breast Cancer,0.375,12,0.15,52,0.65
Breast Cancer,0.3767089843750001,12,0.15,52,0.65
Breast Cancer,0.41666666666666663,17,0.2125,38,0.475
Breast Cancer,0.41666666666666674,25,0.3125,24,0.3
Breast Cancer,0.4270833333333335,26,0.325,24,0.3
Breast Cancer,0.43229166666666674,27,0.3375,16,0.2
Breast Cancer,0.4375000000000001,28,0.35,16,0.2
Breast Cancer,0.4458333333333333,30,0.375,16,0.2
Breast Cancer,0.4609375,32,0.4,12,0.15
Breast Cancer,0.49479166666666674,32,0.4,12,0.15
Breast Cancer,0.4975585937500002,33,0.4125,12,0.15
Breast Cancer,0.5104166666666666,34,0.425,12,0.15
Breast Cancer,0.5104166666666667,38,0.475,12,0.15
Breast Cancer,0.5208333333333333,40,0.5,12,0.15
Breast Cancer,0.5826264880952381,40,0.5,12,0.15
Breast Cancer,0.5846354166666667,41,0.5125,12,0.15
Breast Cancer,0.625,58,0.725,5,0.0625
Breast Cancer,0.6614583333333333,59,0.7375,5,0.0625
Breast Cancer,0.7083333333333333,64,0.8,5,0.0625
Breast Cancer,0.7604166666666666,65,0.8125,5,0.0625
Breast Cancer,0.8125,72,0.9,3,0.0375
Breast Cancer,0.8541666666666666,73,0.9125,3,0.0375
Breast Cancer,0.8541666666666667,73,0.9125,3,0.0375
Breast Cancer,0.953125,73,0.9125,3,0.0375
Breast Cancer,1.0,80,1.0,1,0.0125
